ollie,,1773372560798undefined,project_options,;project 2;project 3;project 4;project 0;project;new_project
ollie,,1773372639153undefined,project_options,;project 2;project 3;project 4;project 0;project;new_project;eeee
ollie,,575015,project_options,;project 2;project 3;project 4;project 0;project;new_project;eeee;ddd
ollie,,574196,project_options,
ollie,,578868,project_options,;project 1
ollie,,583922,project_scenes,;;new scene;luka walks up hill;scene 1
ollie,,577531.5,operator_options,;Ollie
ollie,,583915.5,project_options,;project 1;Project 1
ollie,,598785.5,scene_options,;scene 1
ollie,,606873.5,operator_options,;Ollie;ollie the cameraman
ollie,,574161,project,Project 1
Project 1,,574162,scene,scene 1
Project 1,,624354,day,1
Project 1,1,637192.5,take,1
Project 1,1,641852.5,take,2
Project 1,1,649692.5,take,1
Project 1,1,657199.5,day,2
Project 1,2,657200.5,take,19
Project 1,2,587803,project_options,;project 1;Project 1;new project
Project 1,2,582304,project_options,
Project 1,2,591606,project_options,;totally new project
Project 1,2,616373.5,project,totally new project
totally new project,2,641935,project_options,;totally new project;project 2
totally new project,2,657527,project,project 2
project 2,2,663843,day,1
project 2,1,663844,take,2
project 2,1,777824,project_options,
project 2,1,786078,project_options,;Project Test
project 2,1,796947.5,project,Project Test
